AnimalID,SireID,DamID,FamilyID,SexID,Year
XY0Aa0500,0,0,NA,1,2105
XY0Aa0600,0,0,NA,1,2105
XY0Aa0700,0,0,NA,1,2105
XY0Aa1200,0,0,NA,1,2105
XY0AXY0300,0,0,NA,1,2105
XY0AXY0400,0,0,NA,1,2105
XY0AXY0700,0,0,NA,1,2105
XY0AXY0800,0,0,NA,1,2105
XY0AXY1000,0,0,NA,1,2105
XY0AXY1200,0,0,NA,1,2105
XY0Ac0100,0,0,NA,1,2105
XY0Ac0200,0,0,NA,1,2105
XY0Ac0500,0,0,NA,1,2105
XY0XYa0100,0,0,NA,1,2105
XY0XYa0400,0,0,NA,1,2105
XY0XYa0600,0,0,NA,1,2105
XY0XYa0800,0,0,NA,1,2105
XY0XYa0900,0,0,NA,1,2105
XY0XYa1600,0,0,NA,1,2105
XY0XYXY0300,0,0,NA,1,2105
XY0XYXY0500,0,0,NA,1,2105
XY0XYXY0900,0,0,NA,1,2105
XY0XYXY1100,0,0,NA,1,2105
XY0XYc0100,0,0,NA,1,2105
XY0XYc0300,0,0,NA,1,2105
XY0Ca0400,0,0,NA,1,2105
XY0Ca0500,0,0,NA,1,2105
XY0Ca0800,0,0,NA,1,2105
XY0CXY0300,0,0,NA,1,2105
XY0CXY0800,0,0,NA,1,2105
XY0Aa0501,0,0,NA,2,2105
XY0Aa0601,0,0,NA,2,2105
XY0Aa0603,0,0,NA,2,2105
XY0Aa0701,0,0,NA,2,2105
XY0Aa1201,0,0,NA,2,2105
XY0AXY0302,0,0,NA,2,2105
XY0AXY0402,0,0,NA,2,2105
XY0AXY0403,0,0,NA,2,2105
XY0AXY0702,0,0,NA,2,2105
XY0AXY0703,0,0,NA,2,2105
XY0AXY0801,0,0,NA,2,2105
XY0AXY1003,0,0,NA,2,2105
XY0AXY1202,0,0,NA,2,2105
XY0Ac0101,0,0,NA,2,2105
XY0Ac0202,0,0,NA,2,2105
XY0Ac0501,0,0,NA,2,2105
XY0XYa0101,0,0,NA,2,2105
XY0XYa0402,0,0,NA,2,2105
XY0XYa0602,0,0,NA,2,2105
XY0XYa0801,0,0,NA,2,2105
XY0XYa0902,0,0,NA,2,2105
XY0XYa1602,0,0,NA,2,2105
XY0XYXY0302,0,0,NA,2,2105
XY0XYXY0503,0,0,NA,2,2105
XY0XYXY0903,0,0,NA,2,2105
XY0XYXY1102,0,0,NA,2,2105
XY0XYc0102,0,0,NA,2,2105
XY0XYc0303,0,0,NA,2,2105
XY0Ca0402,0,0,NA,2,2105
XY0Ca0501,0,0,NA,2,2105
XY0Ca0802,0,0,NA,2,2105
XY0CXY0302,0,0,NA,2,2105
XY0CXY0802,0,0,NA,2,2105
MPXX00M06,0,0,NA,1,2111
MPXX00M19,0,0,NA,1,2111
MPXX00M16,0,0,NA,1,2111
MPXX00M14,0,0,NA,1,2111
MPXX00M07,0,0,NA,1,2111
MPXX00M13,0,0,NA,1,2111
MPXX00M15,0,0,NA,1,2111
MPXX00M21,0,0,NA,1,2111
MPXX00F06,0,0,NA,2,2111
MPXX00F19,0,0,NA,2,2111
MPXX00F16,0,0,NA,2,2111
MPXX00F14,0,0,NA,2,2111
MPXX00F07,0,0,NA,2,2111
MPXX00F13,0,0,NA,2,2111
MPXX00F15,0,0,NA,2,2111
MPXX00F21,0,0,NA,2,2111
XX000M251,XY0Aa0500,XY0Aa0501,NA,1,2106
XX000M241,XY0Aa0600,XY0Aa0601,NA,1,2106
XX000D241,XY0Aa0600,XY0Aa0601,NA,2,2106
XX000F411,XY0Aa0600,XY0Aa0603,NA,2,2106
XX000F381,XY0Aa0700,XY0Aa0701,NA,2,2106
XX000M211,XY0Aa1200,XY0Aa1201,NA,1,2106
XX000M212,XY0Aa1200,XY0Aa1201,NA,1,2106
XX000XY211,XY0Aa1200,XY0Aa1201,NA,2,2106
XX000F213,XY0Aa1200,XY0Aa1201,NA,2,2106
XX000XY311,XY0AXY0300,XY0AXY0302,NA,2,2106
XX000M441,XY0AXY0400,XY0AXY0402,NA,1,2106
XX000M271,XY0AXY0400,XY0AXY0403,NA,1,2106
XX000M321,XY0AXY0700,XY0AXY0702,NA,1,2106
XX000M181,XY0AXY0700,XY0AXY0703,NA,1,2106
XX000M161,XY0AXY0800,XY0AXY0801,NA,1,2106
XX000M231,XY0AXY1000,XY0AXY1003,NA,1,2106
XX000M171,XY0AXY1200,XY0AXY1202,NA,1,2106
XX000F171,XY0AXY1200,XY0AXY1202,NA,2,2106
XX000F173,XY0AXY1200,XY0AXY1202,NA,2,2106
XX000F202,XY0Ac0100,XY0Ac0101,NA,2,2106
XX000XY021,XY0Ac0200,XY0Ac0202,NA,2,2106
XX000F121,XY0Ac0500,XY0Ac0501,NA,2,2106
XX000F122,XY0Ac0500,XY0Ac0501,NA,2,2106
XX000M332,XY0XYa0100,XY0XYa0101,NA,1,2106
XX000F336,XY0XYa0100,XY0XYa0101,NA,2,2106
XX000F431,XY0XYa0400,XY0XYa0402,NA,2,2106
XX000F192,XY0XYa0600,XY0XYa0602,NA,2,2106
XX000F194,XY0XYa0600,XY0XYa0602,NA,2,2106
XX000F366,XY0XYa0800,XY0XYa0801,NA,2,2106
XX000F282,XY0XYa0900,XY0XYa0902,NA,2,2106
XX000F285,XY0XYa0900,XY0XYa0902,NA,2,2106
XX000F286,XY0XYa0900,XY0XYa0902,NA,2,2106
XX000M221,XY0XYa1600,XY0XYa1602,NA,1,2106
XX000F301,XY0XYXY0300,XY0XYXY0302,NA,2,2106
XX000F303,XY0XYXY0300,XY0XYXY0302,NA,2,2106
XX000F305,XY0XYXY0300,XY0XYXY0302,NA,2,2106
XX000M011,XY0XYXY0500,XY0XYXY0503,NA,1,2106
XX000M012,XY0XYXY0500,XY0XYXY0503,NA,1,2106
XX000XY015,XY0XYXY0500,XY0XYXY0503,NA,2,2106
XX000M341,XY0XYXY0900,XY0XYXY0903,NA,1,2106
XX000M061,XY0XYXY1100,XY0XYXY1102,NA,1,2106
XX000M062,XY0XYXY1100,XY0XYXY1102,NA,1,2106
XX000XY521,XY0XYc0100,XY0XYc0102,NA,2,2106
XX000F525,XY0XYc0100,XY0XYc0102,NA,2,2106
XX000M401,XY0XYc0300,XY0XYc0303,NA,1,2106
XX000F402,XY0XYc0300,XY0XYc0303,NA,2,2106
XX000F403,XY0XYc0300,XY0XYc0303,NA,2,2106
XX000M461,XY0Ca0400,XY0Ca0402,NA,1,2106
XX000F464,XY0Ca0400,XY0Ca0402,NA,2,2106
XX000F514,XY0Ca0500,XY0Ca0501,NA,2,2106
XX000M092,XY0Ca0800,XY0Ca0802,NA,1,2106
XX000F355,XY0CXY0300,XY0CXY0302,NA,2,2106
XX000M481,XY0CXY0800,XY0CXY0802,NA,1,2106
XX000F482,XY0CXY0800,XY0CXY0802,NA,2,2106
XX600XY006,MPXX00M06,MPXX00F06,NA,2,2112
XX600C608,MPXX00M14,MPXX00F14,NA,2,2112
XX600C939,MPXX00M16,MPXX00F16,NA,2,2112
XX600F837,MPXX00M19,MPXX00F19,NA,2,2112
XX600XX244,MPXX00M19,MPXX00F19,NA,1,2112
XX600H396,MPXX00M14,MPXX00F14,NA,2,2112
XX600I679,MPXX00M07,MPXX00F07,NA,1,2112
XX600J395,MPXX00M14,MPXX00F14,NA,1,2112
XX600J398,MPXX00M06,MPXX00F06,NA,1,2112
XX600K011,MPXX00M15,MPXX00F15,NA,2,2112
XX600K120,MPXX00M15,MPXX00F15,NA,2,2112
XX600K498,MPXX00M13,MPXX00F13,NA,2,2112
XX600A487,MPXX00M21,MPXX00F21,NA,1,2112
XX100C442,XX000M011,XX000F213,NA,1,2107
XX100C374,XX000M012,XX000D241,NA,1,2107
XX100C393,XX000M012,XX000D241,NA,2,2107
XX100C172,XX000M061,XX000F202,NA,2,2107
XX100C764,XX000M062,XX000XY021,NA,1,2107
XX100XY012,XX000M092,XX000XY211,NA,1,2107
XX100A970,XX000M092,XX000XY211,NA,2,2107
XX100C584,XX000M092,XX000XY521,NA,1,2107
XX100XY512,XX000M092,XX000XY521,NA,2,2107
XX100XY521,XX000M092,XX000XY521,NA,2,2107
XX100XY487,XX000M161,XX000F194,NA,1,2107
XX100XY203,XX000M161,XX000F194,NA,2,2107
XX100XY204,XX000M161,XX000F194,NA,2,2107
XX100XY552,XX000M161,XX000F381,NA,1,2107
XX100XY398,XX000M161,XX000F381,NA,2,2107
XX100XY551,XX000M161,XX000F381,NA,2,2107
XX100D266,XX000M171,XX000F366,NA,2,2107
XX100XY043,XX000M171,XX000F525,NA,1,2107
XX100XY040,XX000M171,XX000F525,NA,2,2107
XX100C067,XX000M181,XX000F286,NA,1,2107
XX100C032,XX000M181,XX000F286,NA,2,2107
XX100C062,XX000M181,XX000F286,NA,2,2107
XX100XY902,XX000M211,XX000F121,NA,2,2107
XX100XY829,XX000M212,XX000XY015,NA,1,2107
XX100XY983,XX000M212,XX000XY015,NA,2,2107
XX100C008,XX000M212,XX000XY015,NA,2,2107
XX100C415,XX000M212,XX000XY311,NA,1,2107
XX100C360,XX000M212,XX000XY311,NA,2,2107
XX100C371,XX000M212,XX000XY311,NA,2,2107
XX100A090,XX000M221,XX000F411,NA,1,2107
XX100A049,XX000M221,XX000F411,NA,2,2107
XX100XY777,XX000M231,XX000F464,NA,1,2107
XX100XY749,XX000M231,XX000F464,NA,2,2107
XX100C612,XX000M241,XX000F431,NA,1,2107
XX100A586,XX000M241,XX000F431,NA,2,2107
XX100A587,XX000M241,XX000F431,NA,2,2107
XX100A588,XX000M241,XX000F431,NA,2,2107
XX100C693,XX000M241,XX000F482,NA,1,2107
XX100XY947,XX000M241,XX000F482,NA,2,2107
XX100XY956,XX000M241,XX000F482,NA,2,2107
XX100C573,XX000M251,XX000F301,NA,1,2107
XX100A130,XX000M251,XX000F301,NA,2,2107
XX100XY215,XX000M251,XX000F402,NA,1,2107
XX100C730,XX000M271,XX000F305,NA,1,2107
XX100A233,XX000M271,XX000F336,NA,1,2107
XX100A042,XX000M271,XX000F336,NA,2,2107
XX100C841,XX000M271,XX000F336,NA,2,2107
XX100A703,XX000M321,XX000F303,NA,1,2107
XX100A672,XX000M321,XX000F303,NA,2,2107
XX100C114,XX000M332,XX000F514,NA,1,2107
XX100XY161,XX000M341,XX000F122,NA,2,2107
XX100XY613,XX000M341,XX000F171,NA,1,2107
XX100XY624,XX000M341,XX000F171,NA,2,2107
XX100XY461,XX000M401,XX000F285,NA,1,2107
XX100XY420,XX000M401,XX000F285,NA,2,2107
XX100XY422,XX000M401,XX000F285,NA,2,2107
XX100XY445,XX000M401,XX000F285,NA,2,2107
XX100C565,XX000M441,XX000F192,NA,1,2107
XX100A886,XX000M441,XX000F192,NA,2,2107
XX100XY770,XX000M441,XX000F355,NA,1,2107
XX100XY816,XX000M441,XX000F355,NA,2,2107
XX100C547,XX000M441,XX000F403,NA,1,2107
XX100C940,XX000M441,XX000F403,NA,2,2107
XX100D108,XX000M441,XX000F403,NA,2,2107
XX100A634,XX000M461,XX000F282,NA,1,2107
XX100A620,XX000M461,XX000F282,NA,2,2107
XX100A623,XX000M461,XX000F282,NA,2,2107
XX100XY359,XX000M481,XX000F173,NA,2,2107
XX700O333,XX600XX244,XX600C608,NA,2,2113
XX700O388,XX600XX244,XX600C608,NA,1,2113
XX700O608,XX600A487,XX600H396,NA,2,2113
XX700O732,XX600A487,XX600F837,NA,2,2113
XX700O799,XX600A487,XX600F837,NA,2,2113
XX700O838,XX600A487,XX600C939,NA,1,2113
XX700O895,XX600A487,XX600C939,NA,2,2113
XX700P004,XX600J398,XX600K498,NA,1,2113
XX700P208,XX600J395,XX600XY006,NA,2,2113
XX700P365,XX600I679,XX600K120,NA,1,2113
XX700P487,XX600I679,XX600K011,NA,1,2113
XX700P527,XX600I679,XX600K011,NA,2,2113
XX700P588,XX600I679,XX600K011,NA,2,2113
XX200M191,XX100A090,XX100C032,NA,1,2108
XX200XX703,XX100A233,XX100A587,NA,2,2108
XX200I834,XX100A233,XX100A587,NA,2,2108
XX200M257,XX100A233,XX100A587,NA,2,2108
XX200A406,XX100A233,XX100XY359,NA,2,2108
XX200T047,XX100A634,XX100A970,NA,1,2108
XX200K927,XX100A703,XX100XY040,NA,1,2108
XX200A106,XX100A703,XX100XY040,NA,2,2108
XX200I912,XX100A703,XX100XY040,NA,2,2108
XX200L879,XX100A703,XX100XY398,NA,1,2108
XX200T103,XX100XY012,XX100A042,NA,1,2108
XX200I685,XX100XY012,XX100A042,NA,2,2108
XX200L416,XX100XY012,XX100XY420,NA,1,2108
XX200K070,XX100XY043,XX100A886,NA,1,2108
XX200E919,XX100XY043,XX100A886,NA,2,2108
XX200L469,XX100XY215,XX100XY512,NA,1,2108
XX200C678,XX100XY215,XX100XY512,NA,2,2108
XX200T126,XX100XY461,XX100A672,NA,1,2108
XX200E190,XX100XY461,XX100XY749,NA,2,2108
XX200J568,XX100XY461,XX100XY749,NA,2,2108
XX200K525,XX100XY461,XX100C841,NA,1,2108
XX200L966,XX100XY461,XX100C841,NA,2,2108
XX200K432,XX100XY487,XX100XY521,NA,1,2108
XX200A123,XX100XY487,XX100XY521,NA,2,2108
XX200E094,XX100XY487,XX100XY521,NA,2,2108
XX200J193,XX100XY487,XX100XY521,NA,2,2108
XX200K845,XX100XY552,XX100XY902,NA,1,2108
XX200XX789,XX100XY552,XX100XY902,NA,2,2108
XX200K879,XX100XY613,XX100C172,NA,1,2108
XX200H166,XX100XY613,XX100C172,NA,2,2108
XX200K107,XX100XY613,XX100C172,NA,2,2108
XX200I958,XX100XY613,XX100C371,NA,2,2108
XX200L414,XX100XY770,XX100A588,NA,1,2108
XX200F152,XX100XY770,XX100A588,NA,2,2108
XX200K137,XX100XY770,XX100XY983,NA,1,2108
XX200K166,XX100XY770,XX100C062,NA,1,2108
XX200A276,XX100XY770,XX100C062,NA,2,2108
XX200T001,XX100XY777,XX100C360,NA,1,2108
XX200D095,XX100XY777,XX100C360,NA,2,2108
XX200F066,XX100XY777,XX100C360,NA,2,2108
XX200K491,XX100XY829,XX100A620,NA,1,2108
XX200I504,XX100XY829,XX100A620,NA,2,2108
XX200T112,XX100C067,XX100XY947,NA,1,2108
XX200XX865,XX100C067,XX100XY947,NA,2,2108
XX200K508,XX100C114,XX100XY161,NA,1,2108
XX200XX697,XX100C374,XX100A130,NA,2,2108
XX200K060,XX100C374,XX100XY203,NA,1,2108
XX200J551,XX100C374,XX100XY203,NA,2,2108
XX200K111,XX100C415,XX100A049,NA,1,2108
XX200K967,XX100C415,XX100XY816,NA,1,2108
XX200F736,XX100C415,XX100XY816,NA,2,2108
XX200I451,XX100C415,XX100XY816,NA,2,2108
XX200L426,XX100C415,XX100D108,NA,1,2108
XX200I822,XX100C415,XX100D108,NA,2,2108
XX200K375,XX100C415,XX100D108,NA,2,2108
XX200T100,XX100C442,XX100XY624,NA,1,2108
XX200T105,XX100C547,XX100A623,NA,1,2108
XX200C299,XX100C547,XX100A623,NA,2,2108
XX200I969,XX100C547,XX100XY204,NA,2,2108
XX200J404,XX100C547,XX100XY204,NA,2,2108
XX200T121,XX100C565,XX100XY956,NA,1,2108
XX200E404,XX100C565,XX100XY956,NA,2,2108
XX200H552,XX100C565,XX100XY956,NA,2,2108
XX200F028,XX100C573,XX100XY551,NA,2,2108
XX200I878,XX100C573,XX100XY551,NA,2,2108
XX200K230,XX100C584,XX100C393,NA,1,2108
XX200C167,XX100C584,XX100C393,NA,2,2108
XX200C348,XX100C584,XX100C393,NA,2,2108
XX200K881,XX100C612,XX100D266,NA,1,2108
XX200A159,XX100C612,XX100D266,NA,2,2108
XX200E492,XX100C693,XX100C008,NA,2,2108
XX200C910,XX100C730,XX100XY422,NA,2,2108
XX200F319,XX100C730,XX100XY422,NA,2,2108
XX200K093,XX100C730,XX100XY445,NA,1,2108
XX200I267,XX100C730,XX100XY445,NA,2,2108
XX200L295,XX100C764,XX100A586,NA,1,2108
XX200L290,XX100C764,XX100C940,NA,1,2108
XX800XY940,XX700P365,XX700O799,NA,1,2114
XX800XY967,XX700P365,XX700O799,NA,2,2114
XX800C035,XX700P365,XX700O333,NA,1,2114
XX800C038,XX700P365,XX700O333,NA,1,2114
XX800C119,XX700O838,XX700P208,NA,2,2114
XX800C205,XX700O838,XX700P527,NA,2,2114
XX800C210,XX700O838,XX700P527,NA,2,2114
XX800C310,XX700O388,XX700P588,NA,1,2114
XX800C324,XX700O388,XX700P588,NA,2,2114
XX800C327,XX700O388,XX700P588,NA,2,2114
XX800C738,XX700P487,XX700O608,NA,1,2114
XX800C750,XX700P487,XX700O608,NA,2,2114
XX800C836,XX700P487,XX700O895,NA,1,2114
XX800C840,XX700P487,XX700O895,NA,1,2114
XX800C863,XX700P487,XX700O895,NA,2,2114
XX800D162,XX700P004,XX700O732,NA,1,2114
XX800D166,XX700P004,XX700O732,NA,2,2114
XX300K420,XX200K060,XX200A406,NA,1,2109
XX300K058,XX200K060,XX200I451,NA,1,2109
XX300F798,XX200K070,XX200F319,NA,2,2109
XX300I705,XX200K070,XX200F319,NA,2,2109
XX300I126,XX200K093,XX200K107,NA,2,2109
XX300N563,XX200K111,XX200C678,NA,1,2109
XX300C829,XX200K111,XX200C678,NA,2,2109
XX300K090,XX200K111,XX200XX703,NA,1,2109
XX300A905,XX200K111,XX200XX703,NA,2,2109
XX300N195,XX200K137,XX200E094,NA,1,2109
XX300D603,XX200K137,XX200E094,NA,2,2109
XX300N595,XX200K166,XX200I834,NA,1,2109
XX300A211,XX200K166,XX200I834,NA,2,2109
XX300K172,XX200K230,XX200F736,NA,1,2109
XX300F672,XX200K230,XX200I969,NA,1,2109
XX300F964,XX200K230,XX200I969,NA,2,2109
XX300T051,XX200K432,XX200F152,NA,1,2109
XX300XX433,XX200K432,XX200F152,NA,2,2109
XX300L007,XX200K432,XX200F152,NA,2,2109
XX300K081,XX200K491,XX200A159,NA,1,2109
XX300L455,XX200K491,XX200J404,NA,2,2109
XX300XY441,XX200K508,XX200A276,NA,2,2109
XX300K079,XX200K508,XX200C910,NA,1,2109
XX300XY872,XX200K508,XX200C910,NA,2,2109
XX300K493,XX200K525,XX200XX697,NA,1,2109
XX300K963,XX200K525,XX200J551,NA,1,2109
XX300K136,XX200K845,XX200C299,NA,1,2109
XX300C065,XX200K845,XX200C299,NA,2,2109
XX300C128,XX200K845,XX200C299,NA,2,2109
XX300N628,XX200K879,XX200K375,NA,1,2109
XX300XY839,XX200K879,XX200L966,NA,2,2109
XX300K446,XX200K881,XX200I267,NA,1,2109
XX300I783,XX200K881,XX200I267,NA,2,2109
XX300O028,XX200K927,XX200F066,NA,2,2109
XX300E295,XX200K967,XX200M257,NA,2,2109
XX300K392,XX200L290,XX200C348,NA,1,2109
XX300I330,XX200L295,XX200F028,NA,2,2109
XX300K382,XX200L295,XX200H166,NA,1,2109
XX300A141,XX200L295,XX200H166,NA,2,2109
XX300K806,XX200L414,XX200I685,NA,1,2109
XX300K101,XX200L416,XX200I878,NA,1,2109
XX300A618,XX200L416,XX200I878,NA,2,2109
XX300XY733,XX200L416,XX200I878,NA,2,2109
XX300N600,XX200L426,XX200J193,NA,1,2109
XX300XY147,XX200L426,XX200J193,NA,2,2109
XX300A559,XX200L469,XX200H552,NA,2,2109
XX300XX385,XX200L469,XX200H552,NA,2,2109
XX300L906,XX200L469,XX200H552,NA,2,2109
XX300C426,XX200L469,XX200I958,NA,2,2109
XX300K759,XX200L879,XX200D095,NA,1,2109
XX300A955,XX200L879,XX200XX865,NA,2,2109
XX300N458,XX200M191,XX200I822,NA,1,2109
XX300I454,XX200M191,XX200I822,NA,2,2109
XX300I745,XX200T001,XX200E404,NA,2,2109
XX300L729,XX200T001,XX200E404,NA,2,2109
XX300L082,XX200T047,XX200E919,NA,2,2109
XX300M597,XX200T047,XX200E919,NA,2,2109
XX300K925,XX200T100,XX200A123,NA,1,2109
XX300F851,XX200T100,XX200A123,NA,2,2109
XX300I465,XX200T100,XX200A123,NA,2,2109
XX300L506,XX200T100,XX200J568,NA,2,2109
XX300K153,XX200T103,XX200A106,NA,1,2109
XX300N480,XX200T103,XX200A106,NA,2,2109
XX300N192,XX200T105,XX200E492,NA,1,2109
XX300L259,XX200T105,XX200E492,NA,2,2109
XX300K657,XX200T105,XX200I912,NA,1,2109
XX300A361,XX200T112,XX200XX789,NA,2,2109
XX300F202,XX200T112,XX200XX789,NA,2,2109
XX300I421,XX200T112,XX200XX789,NA,2,2109
XX300XY655,XX200T121,XX200E190,NA,2,2109
XX300K456,XX200T121,XX200I504,NA,1,2109
XX300K668,XX200T126,XX200C167,NA,1,2109
XX300XY492,XX200T126,XX200C167,NA,2,2109
XX300D101,XX200T126,XX200C167,NA,2,2109
XX900A516,XX800XY940,XX800C327,NA,2,2115
XX900XY888,XX800XY940,XX800C327,NA,2,2115
XX900C523,XX800XY940,XX800C327,NA,2,2115
XX900A235,XX800C038,XX800C750,NA,1,2115
XX900XY150,XX800C038,XX800C750,NA,1,2115
XX900C837,XX800C038,XX800C750,NA,2,2115
XX900A902,XX800C836,XX800C119,NA,2,2115
XX900C014,XX800C836,XX800C119,NA,2,2115
XX900C222,XX800C836,XX800C119,NA,2,2115
XX900C594,XX800C836,XX800C119,NA,1,2115
XX900D317,XX800C836,XX800C119,NA,2,2115
XX900A262,XX800C738,XX800D166,NA,2,2115
XX900C064,XX800C738,XX800D166,NA,1,2115
XX900C409,XX800C738,XX800D166,NA,1,2115
XX900D588,XX800C738,XX800D166,NA,2,2115
XX900A910,XX800C310,XX800C210,NA,2,2115
XX900XY828,XX800C310,XX800C210,NA,2,2115
XX900C640,XX800C310,XX800C863,NA,1,2115
XX900C875,XX800D162,XX800XY967,NA,1,2115
XX900D090,XX800D162,XX800XY967,NA,2,2115
XX900D845,XX800D162,XX800XY967,NA,1,2115
XX900XY586,XX800D162,XX800C324,NA,1,2115
XX4S0Q965,XX300F672,XX300E295,NA,1,2110
XX4S0Q972,XX300F672,XX300E295,NA,2,2110
XX4S0Q978,XX300F672,XX300E295,NA,2,2110
XX4S0S447,XX300F672,XX300I783,NA,1,2110
XX4S0S548,XX300K058,XX300I705,NA,2,2110
XX4S0S466,XX300K079,XX300L259,NA,1,2110
XX4S0R288,XX300K079,XX300L259,NA,2,2110
XX4S0S370,XX300K081,XX300C426,NA,1,2110
XX4S0S380,XX300K081,XX300C426,NA,2,2110
XX4S0R257,XX300K090,XX300A955,NA,2,2110
XX4S0S149,XX300K090,XX300A955,NA,2,2110
XX4S0S154,XX300K090,XX300A955,NA,2,2110
XX4S0Q880,XX300K090,XX300C128,NA,1,2110
XX4S0S158,XX300K090,XX300F798,NA,1,2110
XX4S0R319,XX300K090,XX300F798,NA,2,2110
XX4S0S166,XX300K090,XX300F798,NA,2,2110
XX4S0R317,XX300K090,XX300I465,NA,2,2110
XX4S0S391,XX300K101,XX300XY441,NA,1,2110
XX4S0Q568,XX300K101,XX300O028,NA,1,2110
XX4S0R367,XX300K101,XX300O028,NA,2,2110
XX4S0S192,XX300K136,XX300N480,NA,1,2110
XX4S0S516,XX300K153,XX300XX385,NA,1,2110
XX4S0R061,XX300K153,XX300XX385,NA,2,2110
XX4S0S527,XX300K153,XX300XX385,NA,2,2110
XX4S0Q618,XX300K172,XX300XY655,NA,2,2110
XX4S0S551,XX300K382,XX300F964,NA,1,2110
XX4S0S559,XX300K382,XX300F964,NA,2,2110
XX4S0S564,XX300K382,XX300F964,NA,2,2110
XX4S0S667,XX300K392,XX300A618,NA,1,2110
XX4S0Q714,XX300K392,XX300XY733,NA,1,2110
XX4S0R315,XX300K392,XX300XY733,NA,2,2110
XX4S0R374,XX300K392,XX300XY733,NA,2,2110
XX4S0R035,XX300K420,XX300C829,NA,2,2110
XX4S0S285,XX300K446,XX300L455,NA,1,2110
XX4S0R351,XX300K446,XX300L455,NA,2,2110
XX4S0Q655,XX300K446,XX300L729,NA,2,2110
XX4S0Q738,XX300K456,XX300XY492,NA,2,2110
XX4S0S246,XX300K456,XX300I330,NA,1,2110
XX4S0S049,XX300K493,XX300A141,NA,2,2110
XX4S0R018,XX300K657,XX300XY839,NA,2,2110
XX4S0R349,XX300K657,XX300XY839,NA,2,2110
XX4S0R437,XX300K657,XX300D603,NA,2,2110
XX4S0R444,XX300K657,XX300D603,NA,2,2110
XX4S0S352,XX300K668,XX300I421,NA,1,2110
XX4S0R274,XX300K668,XX300I421,NA,2,2110
XX4S0S362,XX300K668,XX300I421,NA,2,2110
XX4S0Q663,XX300K668,XX300I745,NA,1,2110
XX4S0S207,XX300K759,XX300XY872,NA,1,2110
XX4S0S220,XX300K759,XX300XY872,NA,2,2110
XX4S0S129,XX300K759,XX300XX433,NA,2,2110
XX4S0S137,XX300K759,XX300XX433,NA,2,2110
XX4S0Q768,XX300K759,XX300I126,NA,1,2110
XX4S0Q772,XX300K759,XX300I126,NA,1,2110
XX4S0Q776,XX300K759,XX300I126,NA,2,2110
XX4S0Q781,XX300K759,XX300I126,NA,2,2110
XX4S0R458,XX300K759,XX300I126,NA,2,2110
XX4S0Q925,XX300K806,XX300C065,NA,1,2110
XX4S0Q927,XX300K806,XX300C065,NA,1,2110
XX4S0Q935,XX300K806,XX300C065,NA,2,2110
XX4S0R066,XX300K806,XX300L506,NA,2,2110
XX4S0S499,XX300K925,XX300A361,NA,1,2110
XX4S0S509,XX300K925,XX300A361,NA,2,2110
XX4S0S690,XX300K963,XX300L082,NA,1,2110
XX4S0S630,XX300K963,XX300M597,NA,1,2110
XX4S0Q986,XX300N192,XX300F851,NA,1,2110
XX4S0Q997,XX300N192,XX300F851,NA,2,2110
XX4S0Q999,XX300N192,XX300F851,NA,2,2110
XX4S0S179,XX300N195,XX300A905,NA,1,2110
XX4S0R058,XX300N195,XX300A905,NA,2,2110
XX4S0R331,XX300N195,XX300A905,NA,2,2110
XX4S0S188,XX300N195,XX300A905,NA,2,2110
XX4S0Q939,XX300N458,XX300D101,NA,1,2110
XX4S0Q949,XX300N458,XX300D101,NA,2,2110
XX4S0R008,XX300N458,XX300L007,NA,1,2110
XX4S0R021,XX300N458,XX300L007,NA,2,2110
XX4S0R436,XX300N458,XX300L906,NA,1,2110
XX4S0S605,XX300N563,XX300A211,NA,1,2110
XX4S0S607,XX300N563,XX300A211,NA,2,2110
XX4S0S273,XX300N595,XX300XY147,NA,1,2110
XX4S0S415,XX300N600,XX300F202,NA,1,2110
XX4S0S306,XX300N628,XX300A559,NA,1,2110
XX4S0S317,XX300N628,XX300A559,NA,2,2110
XX4S0S101,XX300T051,XX300I454,NA,1,2110
XX4S0R055,XX300T051,XX300I454,NA,2,2110
XX010A022,XX900C064,XX900C523,16XY1191,2,2116
XX010A295,XX900C064,XX900C523,16XY1191,2,2116
XX010A308,XX900C064,XX900C523,16XY1191,2,2116
XX010A566,XX900C064,XX900C523,16XY1191,2,2116
XX010A627,XX900C064,XX900C523,16XY1191,2,2116
XX010A772,XX900C064,XX900C523,16XY1191,2,2116
XX010A833,XX900C064,XX900C523,16XY1191,2,2116
XX010XY178,XX900C064,XX900C523,16XY1191,2,2116
XX010XY231,XX900C064,XX900C523,16XY1191,2,2116
XX010XY235,XX900C064,XX900C523,16XY1191,2,2116
XX010XY237,XX900C064,XX900C523,16XY1191,2,2116
XX010XY469,XX900C064,XX900C523,16XY1191,2,2116
XX010XY478,XX900C064,XX900C523,16XY1191,2,2116
XX010XY495,XX900C064,XX900C523,16XY1191,2,2116
XX010XY553,XX900C064,XX900C523,16XY1191,2,2116
XX010XY596,XX900C064,XX900C523,16XY1191,2,2116
XX010XY601,XX900C064,XX900C523,16XY1191,2,2116
XX010XY602,XX900C064,XX900C523,16XY1191,2,2116
XX010XY632,XX900C064,XX900C523,16XY1191,2,2116
XX010XY633,XX900C064,XX900C523,16XY1191,2,2116
XX010XY696,XX900C064,XX900C523,16XY1191,2,2116
XX010XY762,XX900C064,XX900C523,16XY1191,2,2116
XX010C023,XX900C064,XX900C523,16XY1191,2,2116
XX010C096,XX900C064,XX900C523,16XY1191,2,2116
XX010C182,XX900C064,XX900C523,16XY1191,2,2116
XX010C575,XX900C064,XX900C523,16XY1191,2,2116
XX010C588,XX900C064,XX900C523,16XY1191,2,2116
XX010C624,XX900C064,XX900C523,16XY1191,2,2116
XX010D015,XX900C064,XX900C523,16XY1191,2,2116
XX010D018,XX900C064,XX900C523,16XY1191,2,2116
XX010D063,XX900C064,XX900C523,16XY1191,2,2116
XX010D077,XX900C064,XX900C523,16XY1191,2,2116
XX010D320,XX900C064,XX900C523,16XY1191,2,2116
XX010D369,XX900C064,XX900C523,16XY1191,2,2116
XX010D372,XX900C064,XX900C523,16XY1191,2,2116
XX010D730,XX900C064,XX900C523,16XY1191,2,2116
XX010D884,XX900C064,XX900C523,16XY1191,2,2116
XX0100144,XX900C064,XX900C523,16XY1191,2,2116
XX010A002,XX900A235,XX900C222,16XY1201,2,2116
XX010A070,XX900A235,XX900C222,16XY1201,2,2116
XX010A195,XX900A235,XX900C222,16XY1201,2,2116
XX010A239,XX900A235,XX900C222,16XY1201,2,2116
XX010A246,XX900A235,XX900C222,16XY1201,2,2116
XX010A247,XX900A235,XX900C222,16XY1201,2,2116
XX010A367,XX900A235,XX900C222,16XY1201,2,2116
XX010A401,XX900A235,XX900C222,16XY1201,2,2116
XX010A410,XX900A235,XX900C222,16XY1201,2,2116
XX010A818,XX900A235,XX900C222,16XY1201,2,2116
XX010A997,XX900A235,XX900C222,16XY1201,2,2116
XX010XY037,XX900A235,XX900C222,16XY1201,2,2116
XX010XY299,XX900A235,XX900C222,16XY1201,2,2116
XX010XY359,XX900A235,XX900C222,16XY1201,2,2116
XX010XY445,XX900A235,XX900C222,16XY1201,2,2116
XX010XY559,XX900A235,XX900C222,16XY1201,2,2116
XX010XY578,XX900A235,XX900C222,16XY1201,2,2116
XX010XY604,XX900A235,XX900C222,16XY1201,2,2116
XX010XY672,XX900A235,XX900C222,16XY1201,2,2116
XX010XY786,XX900A235,XX900C222,16XY1201,2,2116
XX010XY845,XX900A235,XX900C222,16XY1201,2,2116
XX010XY896,XX900A235,XX900C222,16XY1201,2,2116
XX010XY922,XX900A235,XX900C222,16XY1201,2,2116
XX010C144,XX900A235,XX900C222,16XY1201,2,2116
XX010C221,XX900A235,XX900C222,16XY1201,2,2116
XX010C248,XX900A235,XX900C222,16XY1201,2,2116
XX010C312,XX900A235,XX900C222,16XY1201,2,2116
XX010C411,XX900A235,XX900C222,16XY1201,2,2116
XX010C430,XX900A235,XX900C222,16XY1201,2,2116
XX010C560,XX900A235,XX900C222,16XY1201,2,2116
XX010C572,XX900A235,XX900C222,16XY1201,2,2116
XX010C582,XX900A235,XX900C222,16XY1201,2,2116
XX010C586,XX900A235,XX900C222,16XY1201,2,2116
XX010C630,XX900A235,XX900C222,16XY1201,2,2116
XX010C773,XX900A235,XX900C222,16XY1201,2,2116
XX010C832,XX900A235,XX900C222,16XY1201,2,2116
XX010C860,XX900A235,XX900C222,16XY1201,2,2116
XX010C891,XX900A235,XX900C222,16XY1201,2,2116
XX010C955,XX900A235,XX900C222,16XY1201,2,2116
XX010C993,XX900A235,XX900C222,16XY1201,2,2116
XX010D121,XX900A235,XX900C222,16XY1201,2,2116
XX010D194,XX900A235,XX900C222,16XY1201,2,2116
XX010D291,XX900A235,XX900C222,16XY1201,2,2116
XX010D324,XX900A235,XX900C222,16XY1201,2,2116
XX010D392,XX900A235,XX900C222,16XY1201,2,2116
XX010D489,XX900A235,XX900C222,16XY1201,2,2116
XX010D490,XX900A235,XX900C222,16XY1201,2,2116
XX010D577,XX900A235,XX900C222,16XY1201,2,2116
XX010D631,XX900A235,XX900C222,16XY1201,2,2116
XX010D669,XX900A235,XX900C222,16XY1201,2,2116
XX010D968,XX900A235,XX900C222,16XY1201,2,2116
XX0100034,XX900A235,XX900C222,16XY1201,2,2116
XX010A528,XX900A235,XX900D317,16XY1202,2,2116
XX010A788,XX900A235,XX900D317,16XY1202,2,2116
XX010XY222,XX900A235,XX900D317,16XY1202,2,2116
XX010XY311,XX900A235,XX900D317,16XY1202,2,2116
XX010XY386,XX900A235,XX900D317,16XY1202,2,2116
XX010XY411,XX900A235,XX900D317,16XY1202,2,2116
XX010XY536,XX900A235,XX900D317,16XY1202,2,2116
XX010XY690,XX900A235,XX900D317,16XY1202,2,2116
XX010XY743,XX900A235,XX900D317,16XY1202,2,2116
XX010XY787,XX900A235,XX900D317,16XY1202,2,2116
XX010XY909,XX900A235,XX900D317,16XY1202,2,2116
XX010XY920,XX900A235,XX900D317,16XY1202,2,2116
XX010XY967,XX900A235,XX900D317,16XY1202,2,2116
XX010C029,XX900A235,XX900D317,16XY1202,2,2116
XX010C287,XX900A235,XX900D317,16XY1202,2,2116
XX010C329,XX900A235,XX900D317,16XY1202,2,2116
XX010C557,XX900A235,XX900D317,16XY1202,2,2116
XX010C686,XX900A235,XX900D317,16XY1202,2,2116
XX010C707,XX900A235,XX900D317,16XY1202,2,2116
XX010C721,XX900A235,XX900D317,16XY1202,2,2116
XX010C788,XX900A235,XX900D317,16XY1202,2,2116
XX010C853,XX900A235,XX900D317,16XY1202,2,2116
XX010C904,XX900A235,XX900D317,16XY1202,2,2116
XX010D281,XX900A235,XX900D317,16XY1202,2,2116
XX010D358,XX900A235,XX900D317,16XY1202,2,2116
XX0100076,XX900A235,XX900D317,16XY1202,2,2116
XX010A204,XX900C594,XX900A516,16XY1211,2,2116
XX010A379,XX900C594,XX900A516,16XY1211,2,2116
XX010A406,XX900C594,XX900A516,16XY1211,2,2116
XX010A545,XX900C594,XX900A516,16XY1211,2,2116
XX010A591,XX900C594,XX900A516,16XY1211,2,2116
XX010A603,XX900C594,XX900A516,16XY1211,2,2116
XX010A669,XX900C594,XX900A516,16XY1211,2,2116
XX010A739,XX900C594,XX900A516,16XY1211,2,2116
XX010A762,XX900C594,XX900A516,16XY1211,2,2116
XX010A771,XX900C594,XX900A516,16XY1211,2,2116
XX010A851,XX900C594,XX900A516,16XY1211,2,2116
XX010A955,XX900C594,XX900A516,16XY1211,2,2116
XX010A993,XX900C594,XX900A516,16XY1211,2,2116
XX010XY032,XX900C594,XX900A516,16XY1211,2,2116
XX010XY046,XX900C594,XX900A516,16XY1211,2,2116
XX010XY120,XX900C594,XX900A516,16XY1211,2,2116
XX010XY177,XX900C594,XX900A516,16XY1211,2,2116
XX010XY483,XX900C594,XX900A516,16XY1211,2,2116
XX010XY562,XX900C594,XX900A516,16XY1211,2,2116
XX010XY702,XX900C594,XX900A516,16XY1211,2,2116
XX010XY843,XX900C594,XX900A516,16XY1211,2,2116
XX010XY923,XX900C594,XX900A516,16XY1211,2,2116
XX010XY928,XX900C594,XX900A516,16XY1211,2,2116
XX010XY956,XX900C594,XX900A516,16XY1211,2,2116
XX010XY997,XX900C594,XX900A516,16XY1211,2,2116
XX010C024,XX900C594,XX900A516,16XY1211,2,2116
XX010C050,XX900C594,XX900A516,16XY1211,2,2116
XX010C095,XX900C594,XX900A516,16XY1211,2,2116
XX010C147,XX900C594,XX900A516,16XY1211,2,2116
XX010C205,XX900C594,XX900A516,16XY1211,2,2116
XX010C223,XX900C594,XX900A516,16XY1211,2,2116
XX010C258,XX900C594,XX900A516,16XY1211,2,2116
XX010C318,XX900C594,XX900A516,16XY1211,2,2116
XX010C360,XX900C594,XX900A516,16XY1211,2,2116
XX010C369,XX900C594,XX900A516,16XY1211,2,2116
XX010C551,XX900C594,XX900A516,16XY1211,2,2116
XX010C607,XX900C594,XX900A516,16XY1211,2,2116
XX010C694,XX900C594,XX900A516,16XY1211,2,2116
XX010C705,XX900C594,XX900A516,16XY1211,2,2116
XX010C706,XX900C594,XX900A516,16XY1211,2,2116
XX010C731,XX900C594,XX900A516,16XY1211,2,2116
XX010C830,XX900C594,XX900A516,16XY1211,2,2116
XX010C833,XX900C594,XX900A516,16XY1211,2,2116
XX010C863,XX900C594,XX900A516,16XY1211,2,2116
XX010D062,XX900C594,XX900A516,16XY1211,2,2116
XX010D091,XX900C594,XX900A516,16XY1211,2,2116
XX010D255,XX900C594,XX900A516,16XY1211,2,2116
XX010D260,XX900C594,XX900A516,16XY1211,2,2116
XX010D261,XX900C594,XX900A516,16XY1211,2,2116
XX010D326,XX900C594,XX900A516,16XY1211,2,2116
XX010D373,XX900C594,XX900A516,16XY1211,2,2116
XX010D445,XX900C594,XX900A516,16XY1211,2,2116
XX010D493,XX900C594,XX900A516,16XY1211,2,2116
XX010D587,XX900C594,XX900A516,16XY1211,2,2116
XX010D625,XX900C594,XX900A516,16XY1211,2,2116
XX010D663,XX900C594,XX900A516,16XY1211,2,2116
XX010D680,XX900C594,XX900A516,16XY1211,2,2116
XX010D706,XX900C594,XX900A516,16XY1211,2,2116
XX010D714,XX900C594,XX900A516,16XY1211,2,2116
XX010D775,XX900C594,XX900A516,16XY1211,2,2116
XX010D841,XX900C594,XX900A516,16XY1211,2,2116
XX010D848,XX900C594,XX900A516,16XY1211,2,2116
XX010D918,XX900C594,XX900A516,16XY1211,2,2116
XX010D935,XX900C594,XX900A516,16XY1211,2,2116
XX0100163,XX900C594,XX900A516,16XY1211,2,2116
XX0100164,XX900C594,XX900A516,16XY1211,2,2116
XX0100165,XX900C594,XX900A516,16XY1211,2,2116
XX0100166,XX900C594,XX900A516,16XY1211,2,2116
XX010A050,XX900D845,XX900A910,16XY1241,2,2116
XX010A610,XX900D845,XX900A910,16XY1241,2,2116
XX010A615,XX900D845,XX900A910,16XY1241,2,2116
XX010XY040,XX900D845,XX900A910,16XY1241,2,2116
XX010XY179,XX900D845,XX900A910,16XY1241,2,2116
XX010XY284,XX900D845,XX900A910,16XY1241,2,2116
XX010XY322,XX900D845,XX900A910,16XY1241,2,2116
XX010XY367,XX900D845,XX900A910,16XY1241,2,2116
XX010XY404,XX900D845,XX900A910,16XY1241,2,2116
XX010XY446,XX900D845,XX900A910,16XY1241,2,2116
XX010XY773,XX900D845,XX900A910,16XY1241,2,2116
XX010XY824,XX900D845,XX900A910,16XY1241,2,2116
XX010XY827,XX900D845,XX900A910,16XY1241,2,2116
XX010XY873,XX900D845,XX900A910,16XY1241,2,2116
XX010C150,XX900D845,XX900A910,16XY1241,2,2116
XX010C298,XX900D845,XX900A910,16XY1241,2,2116
XX010C354,XX900D845,XX900A910,16XY1241,2,2116
XX010C482,XX900D845,XX900A910,16XY1241,2,2116
XX010C639,XX900D845,XX900A910,16XY1241,2,2116
XX010C723,XX900D845,XX900A910,16XY1241,2,2116
XX010C846,XX900D845,XX900A910,16XY1241,2,2116
XX010C871,XX900D845,XX900A910,16XY1241,2,2116
XX010C872,XX900D845,XX900A910,16XY1241,2,2116
XX010D040,XX900D845,XX900A910,16XY1241,2,2116
XX010D124,XX900D845,XX900A910,16XY1241,2,2116
XX010D175,XX900D845,XX900A910,16XY1241,2,2116
XX010D182,XX900D845,XX900A910,16XY1241,2,2116
XX010D239,XX900D845,XX900A910,16XY1241,2,2116
XX010D243,XX900D845,XX900A910,16XY1241,2,2116
XX010D385,XX900D845,XX900A910,16XY1241,2,2116
XX010D671,XX900D845,XX900A910,16XY1241,2,2116
XX010D781,XX900D845,XX900A910,16XY1241,2,2116
XX010D784,XX900D845,XX900A910,16XY1241,2,2116
XX010D800,XX900D845,XX900A910,16XY1241,2,2116
XX010D828,XX900D845,XX900A910,16XY1241,2,2116
XX010D910,XX900D845,XX900A910,16XY1241,2,2116
XX010D919,XX900D845,XX900A910,16XY1241,2,2116
XX0100099,XX900D845,XX900A910,16XY1241,2,2116
XX0100100,XX900D845,XX900A910,16XY1241,2,2116
XX500C583,XX4S0Q568,XX4S0R055,NA,1,2111
XX500C688,XX4S0Q568,XX4S0R055,NA,2,2111
XX500C473,XX4S0Q663,XX4S0Q935,NA,1,2111
XX500C032,XX4S0Q714,XX4S0R317,NA,2,2111
XX500A990,XX4S0Q768,XX4S0Q972,NA,1,2111
XX500A193,XX4S0Q768,XX4S0Q972,NA,2,2111
XX500A624,XX4S0Q768,XX4S0Q972,NA,2,2111
XX500C109,XX4S0Q772,XX4S0R331,NA,2,2111
XX500C128,XX4S0Q772,XX4S0R331,NA,2,2111
XX500A777,XX4S0Q880,XX4S0R315,NA,2,2111
XX500A664,XX4S0Q880,XX4S0R444,NA,1,2111
XX500A336,XX4S0Q925,XX4S0R035,NA,1,2111
XX500A995,XX4S0Q925,XX4S0R035,NA,2,2111
XX500C450,XX4S0Q925,XX4S0R035,NA,2,2111
XX500C678,XX4S0Q925,XX4S0S380,NA,2,2111
XX500A614,XX4S0Q927,XX4S0Q949,NA,1,2111
XX500A880,XX4S0Q939,XX4S0S509,NA,1,2111
XX500A933,XX4S0Q939,XX4S0S509,NA,2,2111
XX500C317,XX4S0Q965,XX4S0Q781,NA,1,2111
XX500C185,XX4S0Q965,XX4S0Q781,NA,2,2111
XX500C456,XX4S0Q965,XX4S0Q781,NA,2,2111
XX500C612,XX4S0Q986,XX4S0S607,NA,2,2111
XX500A701,XX4S0R008,XX4S0Q776,NA,2,2111
XX500C561,XX4S0R008,XX4S0R458,NA,1,2111
XX500C036,XX4S0R436,XX4S0R066,NA,1,2111
XX500A922,XX4S0S101,XX4S0R288,NA,2,2111
XX500C315,XX4S0S101,XX4S0R288,NA,2,2111
XX500C393,XX4S0S158,XX4S0Q999,NA,2,2111
XX500A979,XX4S0S179,XX4S0R374,NA,2,2111
XX500A475,XX4S0S192,XX4S0Q738,NA,1,2111
XX500C142,XX4S0S192,XX4S0Q738,NA,1,2111
XX500A004,XX4S0S207,XX4S0Q978,NA,2,2111
XX500A935,XX4S0S246,XX4S0Q655,NA,2,2111
XX500A952,XX4S0S273,XX4S0S049,NA,1,2111
XX500C355,XX4S0S273,XX4S0S049,NA,2,2111
XX500A482,XX4S0S273,XX4S0S220,NA,1,2111
XX500A832,XX4S0S285,XX4S0R061,NA,1,2111
XX500A563,XX4S0S306,XX4S0R274,NA,2,2111
XX500A256,XX4S0S352,XX4S0R437,NA,1,2111
XX500A808,XX4S0S352,XX4S0R437,NA,2,2111
XX500A875,XX4S0S352,XX4S0R437,NA,2,2111
XX500A244,XX4S0S352,XX4S0S548,NA,2,2111
XX500A039,XX4S0S370,XX4S0S129,NA,1,2111
XX500A329,XX4S0S370,XX4S0S129,NA,2,2111
XX500C054,XX4S0S370,XX4S0S129,NA,2,2111
XX500A471,XX4S0S391,XX4S0Q618,NA,1,2111
XX500C384,XX4S0S415,XX4S0R018,NA,2,2111
XX500A511,XX4S0S415,XX4S0R349,NA,1,2111
XX500A843,XX4S0S415,XX4S0R349,NA,2,2111
XX500A946,XX4S0S447,XX4S0R257,NA,1,2111
XX500C165,XX4S0S447,XX4S0R367,NA,1,2111
XX500A848,XX4S0S466,XX4S0R021,NA,1,2111
XX500A167,XX4S0S466,XX4S0R021,NA,2,2111
XX500C551,XX4S0S466,XX4S0S188,NA,2,2111
XX500C151,XX4S0S466,XX4S0S527,NA,1,2111
XX500C231,XX4S0S466,XX4S0S527,NA,2,2111
XX500C613,XX4S0S466,XX4S0S527,NA,2,2111
XX500A057,XX4S0S499,XX4S0S317,NA,1,2111
XX500A300,XX4S0S516,XX4S0R351,NA,1,2111
XX500C423,XX4S0S516,XX4S0R351,NA,2,2111
XX500C108,XX4S0S516,XX4S0S137,NA,1,2111
XX500A311,XX4S0S516,XX4S0S137,NA,2,2111
XX500C110,XX4S0S516,XX4S0S362,NA,1,2111
XX500A092,XX4S0S551,XX4S0S166,NA,1,2111
XX500A839,XX4S0S551,XX4S0S166,NA,2,2111
XX500A958,XX4S0S605,XX4S0Q997,NA,2,2111
XX500A060,XX4S0S605,XX4S0S559,NA,1,2111
XX500C626,XX4S0S605,XX4S0S559,NA,2,2111
XX500A871,XX4S0S605,XX4S0S564,NA,1,2111
XX500A988,XX4S0S630,XX4S0S149,NA,1,2111
XX500C591,XX4S0S667,XX4S0R058,NA,1,2111
XX500C605,XX4S0S667,XX4S0R058,NA,2,2111
XX500A938,XX4S0S667,XX4S0R319,NA,1,2111
XX500A380,XX4S0S690,XX4S0S154,NA,2,2111
XX500A683,XX4S0S690,XX4S0S154,NA,2,2111
XX600A602,XX500C110,XX500C605,NA,1,2112
XX600XY085,XX500A938,XX500A167,NA,1,2112
XX600XY142,XX500A938,XX500A843,NA,2,2112
XX600XY184,XX500A990,XX500A808,NA,2,2112
XX600XY339,XX500A475,XX500C612,NA,1,2112
XX600XY912,XX500A092,XX500C384,NA,2,2112
XX600C086,XX500A880,XX500A995,NA,2,2112
XX600C438,XX500A256,XX500C185,NA,2,2112
XX600C802,XX500A300,XX500C355,NA,1,2112
XX600C929,XX500A511,XX500A004,NA,1,2112
XX600D114,XX500A471,XX500C109,NA,1,2112
XX600D203,XX500C583,XX500A380,NA,1,2112
XX600D225,XX500A039,XX500A933,NA,2,2112
XX600D335,XX500A938,XX500A875,NA,2,2112
XX600D506,XX500A614,XX500C054,NA,1,2112
XX600D553,XX500A832,XX500A922,NA,1,2112
XX600D629,XX500A511,XX500A979,NA,1,2112
XX600D632,XX500A990,XX500A808,NA,1,2112
XX600D971,XX500A482,XX500A839,NA,1,2112
XX600E385,XX500C583,XX500A380,NA,2,2112
XX600E539,XX500A664,XX500A563,NA,1,2112
XX600E756,XX500A256,XX500C185,NA,2,2112
XX600E782,XX500A471,XX500C109,NA,2,2112
XX600E852,XX500A848,XX500A624,NA,2,2112
XX600E896,XX500C108,XX500C551,NA,2,2112
XX600F222,XX500A988,XX500A935,NA,2,2112
XX600F227,XX500A988,XX500C613,NA,1,2112
XX600F257,XX500A475,XX500C612,NA,2,2112
XX600F266,XX500A475,XX500C612,NA,2,2112
XX600F687,XX500C036,XX500A683,NA,1,2112
XX600F915,XX500A664,XX500A563,NA,2,2112
XX600XX025,XX500A938,XX500A875,NA,2,2112
XX600XX294,XX500C151,XX500A777,NA,1,2112
XX600XX645,XX500A848,XX500A624,NA,1,2112
XX600C099,XX500A871,XX500A329,NA,2,2112
XX600H419,XX500A938,XX500A167,NA,2,2112
XX600H460,XX500C317,XX500C450,NA,2,2112
XX600H604,XX500C583,XX500A380,NA,2,2112
XX600H997,XX500A475,XX500C393,NA,2,2112
XX600I067,XX500A871,XX500A329,NA,2,2112
XX600I334,XX500A060,XX500C423,NA,1,2112
XX600I438,XX500A990,XX500A808,NA,1,2112
XX600I450,XX500A938,XX500A875,NA,2,2112
XX600I551,XX500C142,XX500C315,NA,1,2112
XX600I908,XX500A300,XX500A244,NA,2,2112
XX600I975,XX500C591,XX500C231,NA,1,2112
XX600J129,XX500A848,XX500C626,NA,2,2112
XX600J134,XX500A256,XX500C185,NA,2,2112
XX600J146,XX500A848,XX500C626,NA,2,2112
XX600J573,XX500A988,XX500C613,NA,2,2112
XX600J576,XX500A938,XX500A843,NA,1,2112
XX600J755,XX500C473,XX500A701,NA,2,2112
XX600J764,XX500C036,XX500A193,NA,2,2112
XX600J812,XX500A988,XX500A935,NA,2,2112
XX600J858,XX500A060,XX500C423,NA,2,2112
XX600J928,XX500C583,XX500A380,NA,2,2112
XX600K419,XX500A988,XX500C613,NA,2,2112
XX600K462,XX500C317,XX500C450,NA,2,2112
XX600K519,XX500C108,XX500C551,NA,1,2112
XX600K633,XX500A664,XX500A563,NA,2,2112
XX600K697,XX500A938,XX500A311,NA,1,2112
XX600K709,XX500A475,XX500C393,NA,1,2112
XX600K776,XX500A057,XX500C128,NA,1,2112
XX600K841,XX500A832,XX500A922,NA,1,2112
XX600L000,XX500A946,XX500C678,NA,1,2112
XX600L002,XX500C591,XX500C231,NA,2,2112
XX600A131,XX500A336,XX500C456,NA,1,2112
XX600A234,XX500C165,XX500A958,NA,2,2112
XX600A336,XX500C561,XX500C032,NA,2,2112
XX600A367,XX500C561,XX500C032,NA,2,2112
XX600A417,XX500C561,XX500C032,NA,2,2112
XX600A447,XX500A952,XX500C688,NA,2,2112
XX600A462,XX500A952,XX500C688,NA,1,2112
XX600A521,XX500C165,XX500A958,NA,1,2112
XX600A526,XX500C165,XX500A958,NA,1,2112
XX700A043,XX600K697,XX600K633,NA,1,2113
XX700A145,XX600K697,XX600C438,NA,2,2113
XX700A167,XX600K697,XX600C438,NA,2,2113
XX700A381,XX600D971,XX600J134,NA,2,2113
XX700A411,XX600D971,XX600J134,NA,2,2113
XX700A421,XX600D971,XX600J134,NA,2,2113
XX700A455,XX600D971,XX600D335,NA,1,2113
XX700A538,XX600D971,XX600D335,NA,1,2113
XX700A574,XX600A462,XX600E896,NA,1,2113
XX700A661,XX600A462,XX600E896,NA,2,2113
XX700A677,XX600E539,XX600A447,NA,2,2113
XX700A820,XX600E539,XX600K462,NA,2,2113
XX700A887,XX600E539,XX600K462,NA,2,2113
XX700A903,XX600E539,XX600K462,NA,1,2113
XX700A971,XX600XY085,XX600H460,NA,1,2113
XX700XY023,XX600XY085,XX600H460,NA,2,2113
XX700XY024,XX600XY085,XX600H460,NA,2,2113
XX700XY115,XX600XY085,XX600F915,NA,1,2113
XX700XY270,XX600C802,XX600E756,NA,2,2113
XX700XY307,XX600C802,XX600E756,NA,2,2113
XX700XY434,XX600C802,XX600H419,NA,2,2113
XX700XY491,XX600C802,XX600H419,NA,1,2113
XX700XY545,XX600K519,XX600I450,NA,2,2113
XX700XY676,XX600K519,XX600C099,NA,2,2113
XX700XY951,XX600XX645,XX600XY142,NA,1,2113
XX700C114,XX600XX645,XX600I067,NA,1,2113
XX700C161,XX600J576,XX600E852,NA,1,2113
XX700C176,XX600J576,XX600E852,NA,1,2113
XX700C574,XX600I334,XX600XX025,NA,2,2113
XX700C590,XX600I334,XX600XX025,NA,2,2113
XX700C608,XX600I334,XX600XX025,NA,1,2113
XX700C653,XX600I975,XX600I908,NA,2,2113
XX700C805,XX600I975,XX600F266,NA,2,2113
XX700C808,XX600I975,XX600F266,NA,1,2113
XX700D419,XX600XX294,XX600F257,NA,2,2113
XX700D517,XX600XY339,XX600J858,NA,2,2113
XX700D544,XX600XY339,XX600J858,NA,2,2113
XX700D545,XX600XY339,XX600J858,NA,2,2113
XX700D612,XX600XY339,XX600J858,NA,1,2113
XX700D801,XX600D506,XX600J129,NA,2,2113
XX700D850,XX600D506,XX600J129,NA,1,2113
XX700E162,XX600A131,XX600J146,NA,2,2113
XX700E267,XX600A131,XX600J146,NA,1,2113
XX700E297,XX600A131,XX600J146,NA,2,2113
XX700F232,XX600D629,XX600H997,NA,2,2113
XX700F297,XX600D629,XX600H997,NA,1,2113
XX700F335,XX600D629,XX600J764,NA,1,2113
XX700F588,XX600C929,XX600A417,NA,2,2113
XX700F650,XX600A602,XX600D225,NA,2,2113
XX700F899,XX600K709,XX600J755,NA,2,2113
XX700XX416,XX600K776,XX600J928,NA,1,2113
XX700XX771,XX600I438,XX600XY912,NA,1,2113
XX700XX787,XX600I438,XX600XY912,NA,2,2113
XX700XX790,XX600I438,XX600XY912,NA,2,2113
XX700XX821,XX600I438,XX600XY912,NA,1,2113
XX700XX886,XX600I438,XX600H604,NA,2,2113
XX700XX965,XX600I438,XX600H604,NA,1,2113
XX700H006,XX600D203,XX600XY184,NA,1,2113
XX700H623,XX600I551,XX600J812,NA,1,2113
XX700H809,XX600K841,XX600A234,NA,2,2113
XX700H895,XX600K841,XX600A234,NA,2,2113
XX700I090,XX600D114,XX600J573,NA,2,2113
XX700I299,XX600A521,XX600K419,NA,1,2113
XX700I641,XX600F687,XX600C086,NA,2,2113
XX700K743,XX600L000,XX600L002,NA,2,2113
XX700L620,XX600D632,XX600E782,NA,1,2113
XX700L712,XX600D632,XX600F222,NA,2,2113
XX700M766,XX600F227,XX600A367,NA,2,2113
XX700N154,XX600D553,XX600E385,NA,1,2113
XX700N159,XX600D553,XX600E385,NA,2,2113
XX700N359,XX600A526,XX600A336,NA,1,2113
XX800N124,XX700N359,XX700C653,NA,1,2114
XX800N397,XX700I299,XX700F899,NA,2,2114
XX800N744,XX700L620,XX700M766,NA,2,2114
XX800A001,XX700A455,XX700H809,NA,1,2114
XX800A017,XX700A455,XX700H809,NA,2,2114
XX800A026,XX700A455,XX700H809,NA,2,2114
XX800A029,XX700A455,XX700H809,NA,2,2114
XX800A081,XX700A455,XX700F232,NA,1,2114
XX800A097,XX700A455,XX700F232,NA,2,2114
XX800A098,XX700A455,XX700F232,NA,2,2114
XX800A108,XX700A455,XX700F232,NA,2,2114
XX800A160,XX700A455,XX700D545,NA,1,2114
XX800A716,XX700F297,XX700A145,NA,1,2114
XX800A724,XX700F297,XX700A145,NA,2,2114
XX800A900,XX700A043,XX700A421,NA,1,2114
XX800A916,XX700A043,XX700A421,NA,2,2114
XX800A918,XX700A043,XX700A421,NA,2,2114
XX800XY047,XX700A043,XX700XY307,NA,2,2114
XX800XY223,XX700XY491,XX700E297,NA,1,2114
XX800XY248,XX700XY491,XX700E297,NA,2,2114
XX800XY254,XX700XY491,XX700E297,NA,2,2114
XX800XY259,XX700XY491,XX700E297,NA,2,2114
XX800XY336,XX700XY491,XX700A381,NA,2,2114
XX800XY620,XX700C161,XX700A411,NA,1,2114
XX800XY643,XX700C161,XX700A411,NA,2,2114
XX800XY764,XX700XX965,XX700D544,NA,2,2114
XX800XY771,XX700XX965,XX700D544,NA,2,2114
XX800D248,XX700F335,XX700XY270,NA,1,2114
XX800D301,XX700F335,XX700XY270,NA,2,2114
XX800D660,XX700A903,XX700XY434,NA,1,2114
XX800D692,XX700A903,XX700XY434,NA,2,2114
XX800D697,XX700A903,XX700XY434,NA,2,2114
XX800D709,XX700A903,XX700XY434,NA,2,2114
XX800F424,XX700A971,XX700A661,NA,2,2114
XX800F438,XX700A971,XX700A661,NA,2,2114
XX800XX886,XX700XY115,XX700XX790,NA,1,2114
XX800XX892,XX700XY115,XX700XX790,NA,1,2114
XX800XX904,XX700XY115,XX700XX790,NA,2,2114
XX800XX912,XX700XY115,XX700XX790,NA,2,2114
XX800XX921,XX700XY115,XX700XX790,NA,2,2114
XX800H212,XX700XY115,XX700H895,NA,1,2114
XX800H234,XX700XY115,XX700H895,NA,2,2114
XX800H468,XX700XY115,XX700XX886,NA,1,2114
XX800H480,XX700XY115,XX700XX886,NA,2,2114
XX800H486,XX700XY115,XX700XX886,NA,2,2114
XX800H497,XX700XY115,XX700XX886,NA,2,2114
XX800H510,XX700XY115,XX700XX886,NA,2,2114
XX800I576,XX700D612,XX700XY024,NA,1,2114
XX800I606,XX700D612,XX700XY024,NA,2,2114
XX800I680,XX700D612,XX700A820,NA,1,2114
XX800I694,XX700D612,XX700A820,NA,2,2114
XX800I708,XX700D612,XX700A820,NA,2,2114
XX800I792,XX700XY951,XX700A887,NA,1,2114
XX800I806,XX700XY951,XX700A887,NA,2,2114
XX800I930,XX700XY951,XX700F650,NA,2,2114
XX800I932,XX700XY951,XX700F650,NA,2,2114
XX800I988,XX700XY951,XX700A677,NA,1,2114
XX800I993,XX700XY951,XX700A677,NA,1,2114
XX800J212,XX700E267,XX700XX787,NA,2,2114
XX800J302,XX700C114,XX700A167,NA,1,2114
XX800J528,XX700XX821,XX700XY023,NA,2,2114
XX800J531,XX700XX821,XX700XY023,NA,2,2114
XX800J542,XX700XX821,XX700XY023,NA,2,2114
XX800J677,XX700A574,XX700E162,NA,1,2114
XX800J706,XX700A574,XX700E162,NA,2,2114
XX800J785,XX700XX416,XX700D419,NA,1,2114
XX800J795,XX700XX416,XX700D419,NA,2,2114
XX800J800,XX700XX416,XX700D419,NA,2,2114
XX800K619,XX700N154,XX700D801,NA,1,2114
XX800K628,XX700N154,XX700D801,NA,2,2114
XX800K673,XX700H006,XX700XY676,NA,1,2114
XX800K883,XX700C608,XX700K743,NA,1,2114
XX800K896,XX700C608,XX700K743,NA,2,2114
XX800K917,XX700C608,XX700K743,NA,2,2114
XX800K979,XX700C608,XX700N159,NA,1,2114
XX800L015,XX700C608,XX700N159,NA,2,2114
XX800L066,XX700H623,XX700XY545,NA,1,2114
XX800L197,XX700H623,XX700C590,NA,1,2114
XX800L212,XX700H623,XX700C590,NA,2,2114
XX800L318,XX700D850,XX700I090,NA,1,2114
XX800L322,XX700D850,XX700I090,NA,2,2114
XX800L325,XX700D850,XX700I090,NA,2,2114
XX800L334,XX700D850,XX700I090,NA,2,2114
XX800L418,XX700D850,XX700C574,NA,1,2114
XX800L419,XX700D850,XX700C574,NA,2,2114
XX800L433,XX700D850,XX700C574,NA,2,2114
XX800L438,XX700D850,XX700C574,NA,2,2114
XX800L735,XX700C808,XX700L712,NA,1,2114
XX800L776,XX700C808,XX700L712,NA,2,2114
XX800L886,XX700C808,XX700F588,NA,1,2114
XX800L907,XX700C808,XX700F588,NA,2,2114
XX800L928,XX700C808,XX700F588,NA,2,2114
XX800E612,XX700XX771,XX700C805,NA,1,2114
XX800F714,XX700A538,XX700I641,NA,1,2114
XX800H658,XX700C176,XX700D517,NA,1,2114
XX800H692,XX700C176,XX700D517,NA,2,2114
XX900XY665,XX800H212,XX800A098,NA,1,2115
XX900C985,XX800H212,XX800A098,NA,2,2115
XX900D820,XX800H212,XX800A098,NA,2,2115
XX900XY064,XX800H212,XX800L928,NA,1,2115
XX900C823,XX800H212,XX800L928,NA,2,2115
XX900C845,XX800H212,XX800L928,NA,2,2115
XX900A804,XX800H212,XX800L325,NA,2,2115
XX900XY411,XX800H212,XX800L325,NA,1,2115
XX900A574,XX800D660,XX800A097,NA,2,2115
XX900XY769,XX800D660,XX800A097,NA,1,2115
XX900XY303,XX800D660,XX800L776,NA,1,2115
XX900C570,XX800I576,XX800L322,NA,2,2115
XX900C990,XX800I576,XX800L322,NA,2,2115
XX900A655,XX800I576,XX800D301,NA,2,2115
XX900C201,XX800XX886,XX800J706,NA,1,2115
XX900C989,XX800XX886,XX800J706,NA,2,2115
XX900XY884,XX800A160,XX800J542,NA,1,2115
XX900C351,XX800A081,XX800H486,NA,1,2115
XX900XY715,XX800A081,XX800H234,NA,1,2115
XX900C581,XX800H468,XX800L907,NA,2,2115
XX900A384,XX800H468,XX800A029,NA,2,2115
XX900A803,XX800H468,XX800A029,NA,2,2115
XX900XY057,XX800H468,XX800A029,NA,2,2115
XX900XY240,XX800H468,XX800A029,NA,2,2115
XX900XY943,XX800H468,XX800A029,NA,1,2115
XX900C629,XX800H468,XX800L334,NA,1,2115
XX900C782,XX800H468,XX800L334,NA,1,2115
XX900D310,XX800H468,XX800L334,NA,2,2115
XX900C325,XX800L735,XX800A026,NA,2,2115
XX900D014,XX800L735,XX800A026,NA,1,2115
XX900A975,XX800L735,XX800D709,NA,1,2115
XX900C592,XX800E612,XX800A017,NA,2,2115
XX900A907,XX800E612,XX800XY336,NA,1,2115
XX900XY346,XX800E612,XX800I806,NA,2,2115
XX900C497,XX800E612,XX800I806,NA,1,2115
XX900C860,XX800E612,XX800I806,NA,2,2115
XX900XY804,XX800L886,XX800J531,NA,1,2115
XX900E075,XX800L886,XX800J531,NA,2,2115
XX900XY935,XX800L886,XX800H497,NA,2,2115
XX900C004,XX800L886,XX800H497,NA,2,2115
XX900C353,XX800L886,XX800H497,NA,1,2115
XX900XY450,XX800L886,XX800D697,NA,2,2115
XX900C141,XX800L886,XX800D697,NA,2,2115
XX900D850,XX800L886,XX800D697,NA,1,2115
XX900E185,XX800L886,XX800D697,NA,2,2115
XX900A866,XX800A001,XX800I606,NA,2,2115
XX900A911,XX800A001,XX800I606,NA,1,2115
XX900XY006,XX800A001,XX800I606,NA,2,2115
XX900XY487,XX800A001,XX800I606,NA,2,2115
XX900C746,XX800A001,XX800I606,NA,2,2115
XX900A704,XX800A001,XX800H510,NA,2,2115
XX900C957,XX800A001,XX800H510,NA,1,2115
XX900C953,XX800I680,XX800XY643,NA,2,2115
XX900C451,XX800L318,XX800H480,NA,2,2115
XX900C545,XX800L318,XX800H480,NA,2,2115
XX900D095,XX800L318,XX800H480,NA,2,2115
XX900D735,XX800L318,XX800H480,NA,2,2115
XX900D825,XX800L318,XX800H480,NA,1,2115
XX900E070,XX800L318,XX800H480,NA,1,2115
XX900D388,XX800L318,XX800J528,NA,1,2115
XX900A557,XX800L318,XX800XX912,NA,2,2115
XX900A579,XX800L318,XX800XX912,NA,2,2115
XX900XY260,XX800L318,XX800XX912,NA,2,2115
XX900XY531,XX800L318,XX800XX912,NA,1,2115
XX900XY788,XX800L318,XX800XX912,NA,1,2115
XX900D920,XX800I792,XX800XY764,NA,1,2115
XX900A314,XX800J677,XX800I694,NA,1,2115
XX900A503,XX800J677,XX800I694,NA,2,2115
XX900A741,XX800J677,XX800I694,NA,2,2115
XX900A155,XX800J677,XX800XX904,NA,2,2115
XX900XY146,XX800J677,XX800XX904,NA,1,2115
XX900C791,XX800J677,XX800XX904,NA,1,2115
XX900D939,XX800J677,XX800XX904,NA,2,2115
XX900XY326,XX800XY620,XX800XY771,NA,1,2115
XX900A422,XX800XY620,XX800K896,NA,1,2115
XX900XY770,XX800D248,XX800XX921,NA,2,2115
XX900C169,XX800D248,XX800XX921,NA,1,2115
XX900C509,XX800D248,XX800XX921,NA,2,2115
XX900C927,XX800D248,XX800XX921,NA,2,2115
XX900A049,XX800D248,XX800I708,NA,2,2115
XX900A425,XX800D248,XX800I708,NA,1,2115
XX900C238,XX800D248,XX800I708,NA,2,2115
XX900C812,XX800D248,XX800I708,NA,2,2115
XX900D000,XX800D248,XX800I708,NA,2,2115
XX900C744,XX800XY223,XX800L212,NA,2,2115
XX900C831,XX800XY223,XX800L212,NA,2,2115
XX900A544,XX800XY223,XX800A918,NA,1,2115
XX900C513,XX800XY223,XX800A918,NA,2,2115
XX900E121,XX800K883,XX800F438,NA,1,2115
XX900C965,XX800K979,XX800XY259,NA,1,2115
XX900XY015,XX800L197,XX800A724,NA,2,2115
XX900C883,XX800L197,XX800A724,NA,1,2115
XX900A816,XX800L197,XX800XY248,NA,2,2115
XX900XY535,XX800L418,XX800A916,NA,1,2115
XX900D319,XX800L418,XX800A916,NA,2,2115
XX900C165,XX800L418,XX800F424,NA,2,2115
XX900XY862,XX800N124,XX800XY254,NA,2,2115
XX900C212,XX800N124,XX800XY254,NA,2,2115
XX900D806,XX800N124,XX800XY254,NA,2,2115
XX900A955,XX800A716,XX800L015,NA,1,2115
XX900C084,XX800A716,XX800L015,NA,2,2115
XX900C281,XX800A716,XX800L015,NA,1,2115
XX900D739,XX800A716,XX800L015,NA,2,2115
XX900E056,XX800A716,XX800L433,NA,1,2115
XX900E128,XX800A716,XX800L433,NA,1,2115
XX900A567,XX800A716,XX800J800,NA,2,2115
XX900XY301,XX800A716,XX800J800,NA,2,2115
XX900C673,XX800A716,XX800J800,NA,2,2115
XX900D913,XX800A716,XX800J800,NA,1,2115
XX900XY241,XX800A900,XX800L438,NA,2,2115
XX900C725,XX800H658,XX800XY047,NA,1,2115
XX900A207,XX800J785,XX800L419,NA,1,2115
XX900D257,XX800J785,XX800L419,NA,2,2115
XX900D962,XX800J785,XX800L419,NA,2,2115
XX900A480,XX800J785,XX800K917,NA,2,2115
XX900XY811,XX800J785,XX800K917,NA,2,2115
XX900A322,XX800I993,XX800N744,NA,2,2115
XX900D359,XX800I993,XX800N744,NA,1,2115
XX900A600,XX800I993,XX800J795,NA,2,2115
XX900A961,XX800I993,XX800J795,NA,2,2115
XX900D876,XX800I993,XX800J795,NA,1,2115
XX900A151,XX800I988,XX800K628,NA,2,2115
XX900C937,XX800I988,XX800K628,NA,2,2115
XX900A471,XX800L066,XX800I930,NA,2,2115
XX900XY158,XX800L066,XX800I930,NA,2,2115
XX900XY189,XX800L066,XX800I930,NA,2,2115
XX900C175,XX800L066,XX800I930,NA,2,2115
XX900C571,XX800L066,XX800I930,NA,1,2115
XX900A553,XX800K673,XX800I932,NA,1,2115
XX900E133,XX800K673,XX800I932,NA,2,2115
XX900XY676,XX800J302,XX800N397,NA,2,2115
XX900C822,XX800K619,XX800J212,NA,2,2115
XX900A391,XX800XX892,XX800C205,NA,1,2115
XX900XY400,XX800C035,XX800A108,NA,2,2115
XX900C017,XX800C035,XX800A108,NA,2,2115
XX900XY766,XX800C840,XX800D692,NA,2,2115
XX900D134,XX800C840,XX800D692,NA,2,2115
XX900XY135,XX800F714,XX800H692,NA,2,2115
XX900C330,XX800F714,XX800H692,NA,2,2115
XX900C900,XX800XY223,XX800L212,NA,2,2115
XX010A348,XX900E056,XX900A155,16XY011,1,2116
XX010A005,XX900E056,XX900C989,16XY012,1,2116
XX010A055,XX900C281,XX900A579,16XY021,2,2116
XX010A036,XX900C281,XX900A600,16XY023,1,2116
XX010A145,XX900XY146,XX900D962,16XY031,2,2116
XX010A197,XX900XY146,XX900A567,16XY032,2,2116
XX010A033,XX900D876,XX900D739,16XY041,1,2116
XX010A148,XX900D876,XX900C927,16XY042,1,2116
XX010A089,XX900D825,XX900A049,16XY051,2,2116
XX010A084,XX900D913,XX900C451,16XY061,1,2116
XX010A020,XX900D913,XX900A803,16XY062,2,2116
XX010A223,XX900C782,XX900XY006,16XY071,1,2116
XX010A113,XX900C782,XX900C812,16XY072,2,2116
XX010A009,XX900XY788,XX900C746,16XY081,1,2116
XX010A081,XX900XY788,XX900C084,16XY082,1,2116
XX010A031,XX900C169,XX900A471,16XY091,1,2116
XX010A095,XX900C169,XX900A503,16XY092,2,2116
XX010A119,XX900C169,XX900XY487,16XY093,2,2116
XX010A151,XX900XY303,XX900C330,16XY1001,1,2116
XX010A064,XX900C883,XX900A557,16XY101,1,2116
XX010A272,XX900C883,XX900D095,16XY102,2,2116
XX010A259,XX900C883,XX900XY240,16XY103,2,2116
XX010A237,XX900E128,XX900E075,16XY1031,1,2116
XX010A210,XX900E128,XX900A902,16XY1032,2,2116
XX010A010,XX900E128,XX900D588,16XY1033,1,2116
XX010A019,XX900A955,XX900XY888,16XY1041,2,2116
XX010A032,XX900C791,XX900C837,16XY1052,1,2116
XX010A044,XX900E070,XX900C014,16XY1071,2,2116
XX010A118,XX900E070,XX900A262,16XY1072,2,2116
XX010A035,XX900C629,XX900D090,16XY1091,2,2116
XX010A144,XX900XY531,XX900XY828,16XY1101,2,2116
XX010A160,XX900XY943,XX900C570,16XY111,2,2116
XX010A011,XX900C409,XX900XY301,16XY1111,1,2116
XX010A116,XX900XY943,XX900XY015,16XY112,1,2116
XX010A026,XX900XY150,XX900C673,16XY1121,1,2116
XX010A135,XX900XY586,XX900D735,16XY1151,1,2116
XX010A023,XX900C640,XX900E133,16XY1161,1,2116
XX010A030,XX900C875,XX900C509,16XY1171,2,2116
XX010A057,XX900E121,XX900A322,16XY121,2,2116
XX010A007,XX900E121,XX900C238,16XY122,1,2116
XX010A105,XX900E121,XX900A961,16XY123,2,2116
XX010A069,XX900XY884,XX900C937,16XY141,2,2116
XX010A434,XX900XY884,XX900C175,16XY142,1,2116
XX010A073,XX900A911,XX900XY158,16XY151,2,2116
XX010A066,XX900A911,XX900XY260,16XY152,2,2116
XX010A078,XX900C497,XX900D257,16XY161,1,2116
XX010A141,XX900C497,XX900C990,16XY162,2,2116
XX010A155,XX900XY411,XX900C860,16XY171,2,2116
XX010A025,XX900XY411,XX900D000,16XY172,2,2116
XX010A675,XX900XY411,XX900A574,16XY173,2,2116
XX010A271,XX900C201,XX900C141,16XY181,1,2116
XX010A061,XX900C201,XX900C325,16XY182,1,2116
XX010A001,XX900C201,XX900XY811,16XY183,1,2116
XX010A000,XX900D388,XX900A741,16XY191,1,2116
XX010A067,XX900D388,XX900XY189,16XY193,2,2116
XX010A054,XX900D388,XX900C985,16XY194,2,2116
XX010A037,XX900XY769,XX900D310,16XY201,2,2116
XX010A003,XX900A425,XX900A804,16XY211,1,2116
XX010A092,XX900A425,XX900C545,16XY212,1,2116
XX010A013,XX900A425,XX900A384,16XY213,1,2116
XX010A110,XX900C351,XX900C212,16XY221,2,2116
XX010A018,XX900C351,XX900A480,16XY222,2,2116
XX010A042,XX900C351,XX900C900,16XY223,2,2116
XX010A179,XX900C957,XX900XY862,16XY231,2,2116
XX010A008,XX900C957,XX900XY450,16XY232,1,2116
XX010A166,XX900C957,XX900A655,16XY234,2,2116
XX010A038,XX900A314,XX900XY770,16XY241,1,2116
XX010A199,XX900A314,XX900XY057,16XY242,1,2116
XX010A077,XX900XY535,XX900C004,16XY251,1,2116
XX010A137,XX900XY665,XX900A151,16XY261,2,2116
XX010A034,XX900D359,XX900D319,16XY281,2,2116
XX010A193,XX900D359,XX900A866,16XY282,2,2116
XX010A048,XX900A207,XX900D939,16XY291,1,2116
XX010A101,XX900XY804,XX900A816,16XY301,1,2116
XX010A039,XX900C965,XX900C592,16XY311,1,2116
XX010A015,XX900C965,XX900XY346,16XY312,2,2116
XX010A014,XX900C965,XX900C581,16XY313,2,2116
XX010A028,XX900A907,XX900XY766,16XY321,2,2116
XX010A012,XX900A907,XX900XY400,16XY322,2,2116
XX010A056,XX900XY715,XX900D806,16XY331,1,2116
XX010A047,XX900XY715,XX900D134,16XY332,1,2116
XX010A201,XX900A544,XX900XY935,16XY341,1,2116
XX010A062,XX900A544,XX900C845,16XY342,2,2116
XX010A052,XX900C571,XX900A704,16XY351,1,2116
XX010A182,XX900A975,XX900D820,16XY361,1,2116
XX010A211,XX900A975,XX900C017,16XY362,2,2116
XX010A046,XX900C353,XX900C513,16XY381,1,2116
XX010A027,XX900C353,XX900XY241,16XY382,2,2116
XX010A016,XX900D920,XX900C744,16XY821,2,2116
XX010A021,XX900D850,XX900C165,16XY841,2,2116
XX010A017,XX900C725,XX900C822,16XY851,1,2116
XX010A185,XX900D014,XX900C831,16XY881,2,2116
XX010A139,XX900A422,XX900C823,16XY891,1,2116
XX010A058,XX900XY064,XX900C953,16XY901,2,2116
XX010A091,XX900A391,XX900XY676,16XY921,2,2116
XX010A096,XX900A553,XX900XY135,16XY961,1,2116
XX010A040,XX900XY326,XX900E185,16XY981,1,2116
